first_name,last_name,email,gender,phone_number,password,role_id
Deina,Ourry,dourry0@odnoklassniki.ru,Female,437-112-1882,abc@123,2
Rene,Rash,rrash1@sun.com,Male,729-174-8427,abc@123,2
Fredek,Keating,fkeating2@imageshack.us,Male,244-362-4277,abc@123,2
Anallise,Cornilleau,acornilleau3@photobucket.com,Female,554-975-1034,abc@123,2
Kerry,Ogilvie,kogilvie4@geocities.com,Female,981-423-2083,abc@123,2
Darda,Neubigin,dneubigin5@about.com,Female,318-540-1522,abc@123,2
Woody,Hackney,whackney6@archive.org,Male,931-217-9480,abc@123,2
Raychel,Weinmann,rweinmann7@devhub.com,Female,511-824-0079,abc@123,2
Gay,Agdahl,gagdahl8@omniture.com,Male,356-823-9560,abc@123,2
Rab,Scraney,rscraney9@typepad.com,Male,141-556-5699,abc@123,2
Elnore,Sygrove,esygrovea@posterous.com,Female,274-581-9891,abc@123,2
Cary,de Tocqueville,cdetocquevilleb@zimbio.com,Female,532-949-5381,abc@123,2
Garvey,Sondland,gsondlandc@purevolume.com,Male,365-620-5218,abc@123,2
Bob,Kleinmintz,bkleinmintzd@devhub.com,Male,564-718-8597,abc@123,2
Josepha,Bossom,jbossome@dion.ne.jp,Female,840-710-9497,abc@123,2
Ivar,Grasha,igrashaf@forbes.com,Male,478-154-8579,abc@123,2
Zak,Pfeifer,zpfeiferg@yolasite.com,Male,533-463-4674,abc@123,2
Nicki,Beet,nbeeth@hostgator.com,Female,492-997-1680,abc@123,2
Natassia,Boanas,nboanasi@example.com,Female,169-815-6588,abc@123,2
Osmund,Chaunce,ochauncej@epa.gov,Male,670-757-8645,abc@123,2
Lynea,Weldrake,lweldrakek@pinterest.com,Female,692-549-8890,abc@123,2
Sanson,Bleythin,sbleythinl@google.nl,Male,857-713-6743,abc@123,2
Allegra,Crompton,acromptonm@disqus.com,Female,228-558-6124,abc@123,2
Flint,Gutridge,fgutridgen@google.es,Male,698-768-1424,abc@123,2
Elberta,Salamon,esalamono@tuttocitta.it,Female,562-106-9556,abc@123,2
Amie,Grummitt,agrummittp@deliciousdays.com,Female,345-929-2246,abc@123,2
Mischa,Fuggles,mfugglesq@sciencedirect.com,Male,683-189-4378,abc@123,2
Brear,Dee,bdeer@tinyurl.com,Female,826-402-3218,abc@123,2
Phedra,Zumbusch,pzumbuschs@phpbb.com,Female,659-126-0145,abc@123,2
Erhard,Robeson,erobesont@ning.com,Male,623-220-3227,abc@123,2
Juli,Courtenay,jcourtenayu@hp.com,Female,501-302-6807,abc@123,2
Byrann,Wandtke,bwandtkev@51.la,Male,765-662-3772,abc@123,2
Johna,Rubega,jrubegaw@wisc.edu,Female,364-123-1120,abc@123,2
Demeter,Reitenbach,dreitenbachx@nih.gov,Female,693-937-9375,abc@123,2
Alicea,Brundale,abrundaley@symantec.com,Female,885-126-1736,abc@123,2
King,Habercham,khaberchamz@wired.com,Male,784-154-4556,abc@123,2
Dory,Silburn,dsilburn10@instagram.com,Female,359-616-2667,abc@123,2
Leif,Yell,lyell11@nature.com,Male,218-526-0333,abc@123,2
Carlene,Drinnan,cdrinnan12@comcast.net,Female,218-785-1358,abc@123,2
Egon,Bompas,ebompas13@usda.gov,Male,996-821-5619,abc@123,2
Faydra,Soigoux,fsoigoux14@zdnet.com,Female,260-134-0240,abc@123,2
Mel,Massard,mmassard15@forbes.com,Male,816-785-3769,abc@123,2
Dolf,Henryson,dhenryson16@google.co.uk,Male,112-598-8218,abc@123,2
Barbabas,Jurgenson,bjurgenson17@washington.edu,Male,422-567-0957,abc@123,2
Arnold,Dakhno,adakhno18@ox.ac.uk,Male,108-567-3087,abc@123,2
Haskel,Berens,hberens19@purevolume.com,Male,511-595-3445,abc@123,2
Donielle,Yaknov,dyaknov1a@squidoo.com,Female,941-175-4419,abc@123,2
Natala,Lowrey,nlowrey1b@prlog.org,Female,365-143-1400,abc@123,2
Merci,Drever,mdrever1c@goo.ne.jp,Female,545-744-1361,abc@123,2
Conney,Febre,cfebre1d@gizmodo.com,Male,523-579-4074,abc@123,2
